{"BUSINESS": {"count": [460.0, 460.0, 460.0, 460.0], "mean": [2.7147826086956526, 30335.982608695653, 2178075.7934782607, 0.40276086956521734], "std": [2.0208065206823753, 141805.1299016601, 10198696.84592634, 4.464659531892702], "min": [0.0, 0.0, 0.0, 0.0], "25%": [0.0, 2.0, 100.0, 0.0], "50%": [3.9, 25.0, 1000.0, 0.0], "75%": [4.4, 3810.75, 100000.0, 0.0], "max": [5.0, 1279800.0, 100000000.0, 89.99], "Columns": ["Rating", "Reviews", "Installs", "Price"]}, "COMMUNICATION": {"count": [387.0, 387.0, 387.0, 387.0], "mean": [3.5245478036175695, 2107137.622739018, 84359886.95348836, 0.2148320413436692], "std": [1.547316577279994, 8189704.573306934, 232786966.6670982, 1.228642901111853], "min": [0.0, 0.0, 1.0, 0.0], "25%": [3.7, 33.0, 5000.0, 0.0], "50%": [4.2, 20769.0, 1000000.0, 0.0], "75%": [4.4, 447478.5, 10000000.0, 0.0], "max": [5.0, 69119316.0, 1000000000.0, 19.99], "Columns": ["Rating", "Reviews", "Installs", "Price"]}, "LIFESTYLE": {"count": [382.0, 382.0, 382.0, 382.0], "mean": [3.3659685863874325, 33724.56544502618, 1407443.8193717278, 6.180287958115183], "std": [1.68984739843032, 182633.48517933418, 6194578.782698786, 47.54930379083341], "min": [0.0, 0.0, 0.0, 0.0], "25%": [3.0, 10.0, 1000.0, 0.0], "50%": [4.1, 250.5, 10000.0, 0.0], "75%": [4.5, 6608.75, 500000.0, 0.0], "max": [5.0, 2789775.0, 100000000.0, 400.0], "Columns": ["Rating", "Reviews", "Installs", "Price"]}, "GAME": {"count": [1144.0, 1144.0, 1144.0, 1144.0], "mean": [4.1102272727272755, 1385858.6966783216, 30669601.761363637, 0.2511363636363639], "std": [0.923282184408669, 4160902.8020011676, 96976304.42766355, 1.245902724207072], "min": [0.0, 0.0, 1.0, 0.0], "25%": [4.1, 2463.0, 100000.0, 0.0], "50%": [4.3, 58481.0, 1000000.0, 0.0], "75%": [4.5, 643259.0, 10000000.0, 0.0], "max": [5.0, 44893888.0, 1000000000.0, 17.99], "Columns": ["Rating", "Reviews", "Installs", "Price"]}, "FAMILY": {"count": [1972.0, 1972.0, 1972.0, 1972.0], "mean": [3.7139452332657226, 208025.5223123732, 5201959.181034483, 1.2346754563894433], "std": [1.416336966932353, 1500558.638054404, 32740675.184289783, 18.005523292793374], "min": [0.0, 0.0, 0.0, 0.0], "25%": [3.8, 31.0, 1000.0, 0.0], "50%": [4.2, 981.0, 100000.0, 0.0], "75%": [4.5, 26455.75, 1000000.0, 0.0], "max": [5.0, 44881447.0, 1000000000.0, 399.99], "Columns": ["Rating", "Reviews", "Installs", "Price"]}, "MEDICAL": {"count": [463.0, 463.0, 463.0, 463.0], "mean": [3.1667386609071295, 3425.4319654427645, 115026.86177105832, 3.110064794816416], "std": [1.8913838444743232, 14333.88153398504, 456404.0432095977, 12.485558991455912], "min": [0.0, 0.0, 0.0, 0.0], "25%": [1.4, 3.0, 100.0, 0.0], "50%": [4.2, 35.0, 1000.0, 0.0], "75%": [4.5, 490.0, 50000.0, 0.0], "max": [5.0, 156410.0, 5000000.0, 200.0], "Columns": ["Rating", "Reviews", "Installs", "Price"]}, "SPORTS": {"count": [384.0, 384.0, 384.0, 384.0], "mean": [3.508593750000001, 184453.56510416666, 4560350.255208333, 0.2604166666666666], "std": [1.6330637568716768, 946152.2550372254, 12875835.254474495, 1.737450439463234], "min": [0.0, 0.0, 1.0, 0.0], "25%": [3.7, 64.0, 5000.0, 0.0], "50%": [4.2, 5122.0, 100000.0, 0.0], "75%": [4.4, 91031.0, 5000000.0, 0.0], "max": [5.0, 14184910.0, 100000000.0, 29.99], "Columns": ["Rating", "Reviews", "Installs", "Price"]}, "TOOLS": {"count": [843.0, 843.0, 843.0, 843.0], "mean": [3.5240806642941886, 324062.9228944247, 13585731.809015421, 0.31702253855278795], "std": [1.4754447626537233, 2118483.0849739094, 72467040.08516726, 1.4784397576731345], "min": [0.0, 0.0, 1.0, 0.0], "25%": [3.4, 29.0, 1000.0, 0.0], "50%": [4.1, 522.0, 50000.0, 0.0], "75%": [4.4, 23347.5, 1000000.0, 0.0], "max": [5.0, 42916526.0, 1000000000.0, 25.99], "Columns": ["Rating", "Reviews", "Installs", "Price"]}, "PERSONALIZATION": {"count": [392.0, 392.0, 392.0, 392.0], "mean": [3.473214285714289, 227923.82653061225, 5932384.647959184, 0.39275510204081626], "std": [1.7617771413127659, 990153.946507811, 19611399.322398696, 1.017998920315823], "min": [0.0, 0.0, 0.0, 0.0], "25%": [3.8, 12.0, 500.0, 0.0], "50%": [4.3, 291.5, 10000.0, 0.0], "75%": [4.5, 28905.25, 1000000.0, 0.0], "max": [5.0, 7464996.0, 100000000.0, 9.99], "Columns": ["Rating", "Reviews", "Installs", "Price"]}, "PRODUCTIVITY": {"count": [424.0, 424.0, 424.0, 424.0], "mean": [3.486320754716982, 269143.80896226416, 33434177.75707547, 0.5918160377358493], "std": [1.656736845394396, 722548.8005418183, 123450894.5016908, 7.588479868712268], "min": [0.0, 0.0, 0.0, 0.0], "25%": [3.6, 17.0, 1000.0, 0.0], "50%": [4.2, 4698.5, 300000.0, 0.0], "75%": [4.5, 118547.25, 10000000.0, 0.0], "max": [5.0, 5383985.0, 1000000000.0, 154.99], "Columns": ["Rating", "Reviews", "Installs", "Price"]}}